{"stats":{"minecraft:used":{"minecraft:golden_boots":1,"minecraft:water_bucket":1,"silentgear:nether_banana":3,"minecraft:chest":1,"minecraft:blue_bed":2,"minecraft:cooked_chicken":1,"minecraft:dirt":4,"minecraft:crafting_table":2,"minecraft:tuff":1,"minecraft:golden_chestplate":1,"minecraft:apple":1,"minecraft:iron_axe":4,"minecraft:iron_pickaxe":20,"minecraft:cobblestone":1,"minecraft:bucket":2,"minecraft:cobbled_deepslate":1,"minecraft:golden_axe":21},"minecraft:dropped":{"tetra:scroll_rolled":4,"silentgear:pickaxe_blueprint":1,"silentgear:knife_blueprint":1,"silentgear:shovel_blueprint":1,"minecraft:flint_and_steel":1,"silentgear:rod_blueprint":1,"minecraft:dirt":3,"silentgear:axe_blueprint":1,"silentgear:shield_blueprint":1,"silentgear:crimson_iron_ingot":4,"doggytalents:rice_grains":1,"silentgear:katana_blueprint":1,"minecraft:bone":2},"minecraft:broken":{"minecraft:golden_axe":1},"minecraft:crafted":{"minecraft:oak_planks":4,"minecraft:crafting_table":1,"minecraft:spruce_planks":8,"minecraft:birch_planks":12,"minecraft:iron_axe":1,"minecraft:iron_ingot":3,"minecraft:iron_pickaxe":1,"minecraft:chest":1},"minecraft:picked_up":{"silentgear:rod_blueprint":1,"minecraft:birch_log":3,"minecraft:crafting_table":2,"vampirism:vampire_book":1,"silentgear:shield_blueprint":1,"doggytalents:rice_grains":1,"silentgear:pickaxe_blueprint":1,"silentgear:nether_banana":1,"minecraft:gold_block":3,"minecraft:tuff":1,"minecraft:oak_log":1,"minecraft:gunpowder":2,"minecraft:dirt":7,"minecraft:blue_bed":3,"minecraft:flint_and_steel":1,"tetra:scroll_rolled":4,"minecraft:bone":2,"vampirism:human_heart":1,"minecraft:apple":3,"minecraft:cobbled_deepslate":1,"minecraft:bucket":1,"minecraft:iron_ingot":11,"minecraft:iron_nugget":4,"minecraft:chest":1,"silentgear:crimson_iron_ingot":8,"minecraft:raw_iron":14,"minecraft:spyglass":1,"silentgear:katana_blueprint":1,"minecraft:spruce_log":2,"samurai_dynasty:spirit_upgrade_smithing_template":1,"minecraft:golden_hoe":1,"waystones:waystone":1,"silentgear:axe_blueprint":1,"silentgear:shovel_blueprint":1,"minecraft:saddle":1,"minecraft:coal":2,"silentgear:knife_blueprint":1,"minecraft:cobblestone":2},"minecraft:killed":{"minecraft:creeper":1,"vampirism:hunter":1},"minecraft:mined":{"minecraft:tuff":1,"minecraft:crafting_table":2,"minecraft:grass_block":3,"minecraft:chest":1,"minecraft:tall_grass":2,"minecraft:blue_bed":3,"minecraft:birch_log":3,"minecraft:iron_ore":3,"minecraft:spruce_log":2,"minecraft:grass":4,"minecraft:oak_log":1,"minecraft:deepslate_iron_ore":11,"minecraft:dirt":4,"minecraft:stone":3,"minecraft:deepslate":1},"minecraft:custom":{"minecraft:mob_kills":2,"minecraft:interact_with_crafting_table":5,"vampirism:interact_with_research_table":1,"minecraft:open_barrel":7,"minecraft:damage_dealt_resisted":282,"minecraft:time_since_death":21727,"minecraft:sleep_in_bed":1,"minecraft:climb_one_cm":2007,"minecraft:time_since_rest":149,"minecraft:sprint_one_cm":46454,"minecraft:damage_taken":105,"minecraft:walk_one_cm":19728,"minecraft:drop":22,"minecraft:damage_dealt":629,"minecraft:swim_one_cm":18133,"minecraft:fly_one_cm":92181,"minecraft:open_chest":13,"minecraft:crouch_one_cm":734,"minecraft:play_time":21727,"minecraft:sneak_time":383,"minecraft:walk_under_water_one_cm":6880,"minecraft:jump":424,"minecraft:walk_on_water_one_cm":8011,"minecraft:total_world_time":21727,"minecraft:fall_one_cm":12868}},"DataVersion":3465}