{"stats":{"minecraft:used":{"minecraft:golden_boots":1,"minecraft:apple":1,"silentgear:nether_banana":3,"minecraft:golden_chestplate":1,"minecraft:golden_axe":2},"minecraft:dropped":{"silentgear:crimson_iron_ingot":4},"minecraft:picked_up":{"minecraft:iron_nugget":1,"minecraft:spruce_log":2,"minecraft:blue_bed":1,"silentgear:crimson_iron_ingot":4},"minecraft:mined":{"minecraft:spruce_log":2,"minecraft:blue_bed":1},"minecraft:custom":{"minecraft:time_since_rest":9727,"minecraft:open_chest":8,"minecraft:play_time":9727,"minecraft:sprint_one_cm":27808,"minecraft:damage_taken":105,"minecraft:walk_one_cm":8986,"minecraft:drop":4,"minecraft:jump":188,"minecraft:damage_dealt":8,"minecraft:time_since_death":9727,"minecraft:total_world_time":9727,"minecraft:climb_one_cm":2007,"minecraft:fly_one_cm":48828,"minecraft:fall_one_cm":4131,"vampirism:interact_with_research_table":1,"minecraft:open_barrel":4}},"DataVersion":3465}