{"stats":{"minecraft:custom":{"minecraft:jump":55,"minecraft:time_since_rest":8890,"minecraft:damage_dealt":58,"minecraft:damage_taken":265,"minecraft:leave_game":2,"minecraft:time_since_death":8108,"minecraft:play_time":26507,"minecraft:sprint_one_cm":14239,"minecraft:walk_one_cm":11743,"minecraft:walk_on_water_one_cm":10996,"minecraft:deaths":1,"minecraft:sneak_time":137,"minecraft:total_world_time":26507,"minecraft:walk_under_water_one_cm":7739,"minecraft:swim_one_cm":1052,"minecraft:fall_one_cm":1045,"minecraft:fly_one_cm":165607},"minecraft:killed_by":{"undead_revamp2:the_moonflower":1}},"DataVersion":3465}