{"stats":{"minecraft:killed_by":{"minecraft:iron_golem":2},"minecraft:picked_up":{"minecraft:oak_log":4,"silentgear:crimson_iron_ingot":4},"minecraft:crafted":{"minecraft:oak_planks":16,"minecraft:crafting_table":1},"minecraft:mined":{"minecraft:oak_log":4,"minecraft:oak_leaves":3},"minecraft:custom":{"minecraft:time_since_rest":4371,"minecraft:deaths":3,"minecraft:crouch_one_cm":15,"minecraft:sprint_one_cm":16779,"minecraft:play_time":47030,"minecraft:damage_taken":835,"minecraft:walk_one_cm":45225,"minecraft:sneak_time":290,"minecraft:walk_under_water_one_cm":10396,"minecraft:jump":100,"minecraft:damage_dealt":58,"minecraft:leave_game":3,"minecraft:walk_on_water_one_cm":12499,"minecraft:time_since_death":4267,"minecraft:total_world_time":47030,"minecraft:swim_one_cm":3684,"minecraft:fly_one_cm":230328,"minecraft:fall_one_cm":1822}},"DataVersion":3465}