{"stats":{"minecraft:custom":{"minecraft:jump":34,"minecraft:time_since_rest":15997,"minecraft:damage_dealt":58,"minecraft:leave_game":1,"minecraft:damage_taken":105,"minecraft:sprint_one_cm":11469,"minecraft:play_time":15997,"minecraft:walk_on_water_one_cm":9901,"minecraft:time_since_death":15997,"minecraft:walk_one_cm":5071,"minecraft:total_world_time":15997,"minecraft:walk_under_water_one_cm":5091,"minecraft:swim_one_cm":1052,"minecraft:fall_one_cm":1045,"minecraft:fly_one_cm":7798}},"DataVersion":3465}