{"stats":{"minecraft:used":{"minecraft:rotten_flesh":1,"minecraft:wooden_sword":14,"minecraft:crafting_table":1},"minecraft:killed_by":{"minecraft:iron_golem":2,"minecraft:zombie":1},"minecraft:crafted":{"minecraft:oak_planks":16,"minecraft:crafting_table":1},"minecraft:picked_up":{"minecraft:crafting_table":1,"minecraft:rotten_flesh":2,"minecraft:leather":2,"doggytalents:rice_grains":1,"minecraft:beef":5,"minecraft:oak_log":4,"silentgear:sinew":1,"silentgear:crimson_iron_ingot":4},"minecraft:killed":{"minecraft:zombie":1,"minecraft:cow":2},"minecraft:mined":{"minecraft:grass":2,"minecraft:oak_log":4,"minecraft:crafting_table":1,"minecraft:oak_leaves":3},"minecraft:custom":{"minecraft:time_since_rest":83,"minecraft:deaths":4,"minecraft:crouch_one_cm":101,"minecraft:sprint_one_cm":16779,"minecraft:play_time":58011,"minecraft:damage_taken":1110,"minecraft:walk_one_cm":77259,"minecraft:sneak_time":304,"minecraft:walk_under_water_one_cm":10396,"minecraft:mob_kills":3,"minecraft:jump":113,"minecraft:damage_dealt":477,"minecraft:leave_game":4,"minecraft:walk_on_water_one_cm":12499,"minecraft:time_since_death":0,"minecraft:total_world_time":58011,"minecraft:interact_with_crafting_table":2,"minecraft:swim_one_cm":3684,"minecraft:fly_one_cm":230967,"minecraft:fall_one_cm":1822}},"DataVersion":3465}