{"stats":{"minecraft:killed_by":{"minecraft:zombie":2},"minecraft:used":{"minecraft:wooden_sword":10,"minecraft:crafting_table":1},"minecraft:killed":{"minecraft:skeleton":2,"vampirism:vampire":1},"minecraft:custom":{"minecraft:time_since_rest":23355,"minecraft:damage_taken":675,"minecraft:sprint_one_cm":7463,"minecraft:play_time":26589,"minecraft:deaths":2,"minecraft:walk_one_cm":25955,"minecraft:sneak_time":39,"minecraft:mob_kills":3,"minecraft:jump":56,"minecraft:damage_dealt":622,"minecraft:leave_game":10,"minecraft:time_since_death":23313,"minecraft:total_world_time":26589,"minecraft:interact_with_crafting_table":2,"minecraft:fall_one_cm":418,"minecraft:fly_one_cm":7661},"minecraft:crafted":{"minecraft:wooden_sword":1,"minecraft:oak_planks":8,"minecraft:acacia_planks":4,"minecraft:crafting_table":1,"minecraft:stick":4},"minecraft:mined":{"minecraft:acacia_log":1,"minecraft:oak_log":2},"minecraft:picked_up":{"minecraft:bone":4,"minecraft:arrow":4,"minecraft:acacia_log":1,"minecraft:oak_log":2}},"DataVersion":3465}