{"stats":{"minecraft:used":{"minecraft:wooden_axe":19,"minecraft:stone_pickaxe":4,"minecraft:wooden_pickaxe":18,"minecraft:rotten_flesh":1,"minecraft:wooden_sword":10,"minecraft:stone_axe":30,"minecraft:crafting_table":2,"minecraft:furnace":1,"minecraft:cooked_porkchop":4},"minecraft:killed_by":{"undead_revamp2:the_moonflower":1,"minecraft:zombie":2},"minecraft:custom":{"minecraft:time_since_rest":28751,"minecraft:interact_with_furnace":2,"minecraft:sprint_one_cm":22883,"minecraft:damage_taken":1364,"minecraft:walk_one_cm":155347,"minecraft:mob_kills":26,"minecraft:damage_dealt":5229,"minecraft:damage_dealt_absorbed":80,"minecraft:interact_with_crafting_table":10,"minecraft:fly_one_cm":31258,"minecraft:crouch_one_cm":274,"minecraft:play_time":63304,"minecraft:deaths":3,"minecraft:sneak_time":179,"minecraft:walk_under_water_one_cm":1275,"minecraft:jump":177,"minecraft:leave_game":13,"minecraft:time_since_death":28705,"minecraft:walk_on_water_one_cm":7397,"minecraft:total_world_time":63304,"minecraft:fall_one_cm":1254},"minecraft:picked_up":{"silentgear:fine_silk":1,"minecraft:stick":3,"minecraft:acacia_log":11,"doggytalents:rice_grains":1,"silentgear:blueprint_package":1,"minecraft:porkchop":4,"minecraft:oak_log":2,"minecraft:gunpowder":5,"minecraft:dark_oak_log":19,"silentgear:sinew":2,"minecraft:dirt":1,"minecraft:bone":4,"minecraft:arrow":4,"minecraft:rotten_flesh":21,"undead_revamp2:blacpetalblock":1,"minecraft:wheat_seeds":1,"sophisticatedbackpacks:copper_backpack":1,"minecraft:light_gray_wool":1,"minecraft:mutton":4,"minecraft:acacia_sapling":10,"minecraft:coal":3,"minecraft:white_wool":2,"minecraft:cobblestone":18},"minecraft:mined":{"minecraft:acacia_leaves":1,"minecraft:dark_oak_log":19,"minecraft:grass":7,"minecraft:acacia_log":6,"minecraft:grass_block":1,"minecraft:oak_log":2,"minecraft:coal_ore":3,"minecraft:stone":18},"minecraft:killed":{"minecraft:sheep":3,"minecraft:skeleton":2,"vampirism:vampire":1,"minecraft:zombie":7,"minecraft:pig":2,"undead_revamp2:theimmortal":3,"minecraft:spider":1,"undead_revamp2:the_moonflower":1,"minecraft:drowned":3,"minecraft:creeper":3},"minecraft:crafted":{"minecraft:wooden_sword":1,"minecraft:oak_planks":8,"minecraft:cooked_porkchop":4,"minecraft:crafting_table":1,"minecraft:stick":4,"minecraft:furnace":1,"minecraft:acacia_planks":24,"minecraft:air":0}},"DataVersion":3465}