{
  "__COMMENT1": "To apply this configuration to all newly generated worlds",
  "__COMMENT2": "please place this configuration file into your config directory",
  "__COMMENT3": "with the following name: cpm-server-default.json",
  "player_scaling": {
    "cbbc9d97-a3ce-486d-8894-41b3fa11987a": {},
    "c86e3431-6019-3866-845f-0fd7a76eb6e5": {},
    "915d4188-3869-3690-ac04-781b29920f3c": {}
  },
  "skins": {},
  "player_scaling_settings": {},
  "scaling_settings": {
    "motion": {},
    "mob_visibility": {},
    "defense": {},
    "attack_knockback": {},
    "flight_speed": {},
    "step_height": {},
    "knockback_resist": {},
    "reach": {},
    "health": {},
    "attack_speed": {},
    "attack_dmg": {},
    "entity": {},
    "eye_height": {},
    "hitbox_width": {},
    "hitbox_height": {},
    "third_person": {},
    "view_bobbing": {},
    "fall_damage": {},
    "mining_speed": {},
    "width": {},
    "height": {},
    "jump_height": {},
    "projectile_dmg": {},
    "explosion_dmg": {}
  }
}